title,logo,company,link,location,date
Software Developer Engineer 1,https://d8it4huxumps7.cloudfront.net/uploads/images/150x150/66e96961a9db8_newton_school_logo.png,Newton School,https://unstop.com/jobs/software-developer-engineer-1-newton-school-1158003,"[""N/A""]",11 days left
Software Developer,https://d8it4huxumps7.cloudfront.net/uploads/images/150x150/uploadedManual-66ddce1c5c25c_reliable_software_solutions.png,Reliable Software Solutions,https://unstop.com/jobs/software-developer-reliable-software-solutions-1150725,"[""N/A""]",1 month left
Software Developer,https://d8it4huxumps7.cloudfront.net/uploads/images/150x150/uploadedManual-66e864ce82d68_screenshot_2024-09-16_223222.png,Lexmark,https://unstop.com/jobs/software-developer-lexmark-1160042,"[""N/A""]",12 days left
Software Developer,https://d8it4huxumps7.cloudfront.net/uploads/images/150x150/uploadedManual-66e8426ecc1c8_quest-global-careers-logo.png,Quest Global,https://unstop.com/jobs/software-developer-quest-global-1159910,"[""N/A""]",28 days left
Software Developer,https://d8it4huxumps7.cloudfront.net/uploads/images/150x150/66b47b989d607_organisation_image-LjOo0TIcfZ524060472vjmoackKv5.png,Vecmocon,https://unstop.com/jobs/software-developer-vecmocon-1116425,"[""Delhi""]",3 months left
Associate Software Developer,https://d8it4huxumps7.cloudfront.net/uploads/images/150x150/uploadedManual-66e3eeb354723_download__5_.png,Anthology,https://unstop.com/jobs/associate-software-developer-anthology-1154692,"[""N/A""]",10 days left
Junior Software Developer,https://d8it4huxumps7.cloudfront.net/uploads/images/150x150/uploadedManual-66e6cea21f8b5_soti.jpg,SOTI,https://unstop.com/jobs/junior-software-developer-soti-1157809,"[""N/A""]",12 days left
Software Developer in Test (SDET),https://d8it4huxumps7.cloudfront.net/uploads/images/150x150/66dcc9ab85d71_organisation_image-ghFi5wuWuQ1693480518XMHj28JW2O.png,Atlys,https://unstop.com/jobs/software-developer-in-test-sdet-atlys-1150285,"[""Delhi""]",4 days left
Software Developer Engineer 1,https://d8it4huxumps7.cloudfront.net/uploads/images/150x150/66e96961a9db8_newton_school_logo.png,Newton School,https://unstop.com/jobs/software-developer-engineer-1-newton-school-1158003,"[""N/A""]",11 days left
Software Developer,https://d8it4huxumps7.cloudfront.net/uploads/images/150x150/uploadedManual-66ddce1c5c25c_reliable_software_solutions.png,Reliable Software Solutions,https://unstop.com/jobs/software-developer-reliable-software-solutions-1150725,"[""N/A""]",1 month left
Software Developer,https://d8it4huxumps7.cloudfront.net/uploads/images/150x150/uploadedManual-66e864ce82d68_screenshot_2024-09-16_223222.png,Lexmark,https://unstop.com/jobs/software-developer-lexmark-1160042,"[""N/A""]",12 days left
Software Developer,https://d8it4huxumps7.cloudfront.net/uploads/images/150x150/uploadedManual-66e8426ecc1c8_quest-global-careers-logo.png,Quest Global,https://unstop.com/jobs/software-developer-quest-global-1159910,"[""N/A""]",28 days left
Junior Software Developer,https://d8it4huxumps7.cloudfront.net/uploads/images/150x150/uploadedManual-66e6cea21f8b5_soti.jpg,SOTI,https://unstop.com/jobs/junior-software-developer-soti-1157809,"[""N/A""]",12 days left
Software Developer,https://d8it4huxumps7.cloudfront.net/uploads/images/150x150/66b47b989d607_organisation_image-LjOo0TIcfZ524060472vjmoackKv5.png,Vecmocon,https://unstop.com/jobs/software-developer-vecmocon-1116425,"[""Delhi""]",3 months left
Associate Software Developer,https://d8it4huxumps7.cloudfront.net/uploads/images/150x150/uploadedManual-66e3eeb354723_download__5_.png,Anthology,https://unstop.com/jobs/associate-software-developer-anthology-1154692,"[""N/A""]",10 days left
Software Developer in Test (SDET),https://d8it4huxumps7.cloudfront.net/uploads/images/150x150/66dcc9ab85d71_organisation_image-ghFi5wuWuQ1693480518XMHj28JW2O.png,Atlys,https://unstop.com/jobs/software-developer-in-test-sdet-atlys-1150285,"[""Delhi""]",4 days left
Software Developer Engineer 1,https://d8it4huxumps7.cloudfront.net/uploads/images/150x150/66e96961a9db8_newton_school_logo.png,Newton School,https://unstop.com/jobs/software-developer-engineer-1-newton-school-1158003,"[""N/A""]",11 days left
Software Developer,https://d8it4huxumps7.cloudfront.net/uploads/images/150x150/uploadedManual-66ddce1c5c25c_reliable_software_solutions.png,Reliable Software Solutions,https://unstop.com/jobs/software-developer-reliable-software-solutions-1150725,"[""N/A""]",1 month left
Software Developer,https://d8it4huxumps7.cloudfront.net/uploads/images/150x150/uploadedManual-66e864ce82d68_screenshot_2024-09-16_223222.png,Lexmark,https://unstop.com/jobs/software-developer-lexmark-1160042,"[""N/A""]",12 days left
Software Developer,https://d8it4huxumps7.cloudfront.net/uploads/images/150x150/uploadedManual-66e8426ecc1c8_quest-global-careers-logo.png,Quest Global,https://unstop.com/jobs/software-developer-quest-global-1159910,"[""N/A""]",28 days left
Junior Software Developer,https://d8it4huxumps7.cloudfront.net/uploads/images/150x150/uploadedManual-66e6cea21f8b5_soti.jpg,SOTI,https://unstop.com/jobs/junior-software-developer-soti-1157809,"[""N/A""]",12 days left
Software Developer,https://d8it4huxumps7.cloudfront.net/uploads/images/150x150/66b47b989d607_organisation_image-LjOo0TIcfZ524060472vjmoackKv5.png,Vecmocon,https://unstop.com/jobs/software-developer-vecmocon-1116425,"[""Delhi""]",3 months left
Associate Software Developer,https://d8it4huxumps7.cloudfront.net/uploads/images/150x150/uploadedManual-66e3eeb354723_download__5_.png,Anthology,https://unstop.com/jobs/associate-software-developer-anthology-1154692,"[""N/A""]",10 days left
Software Developer in Test (SDET),https://d8it4huxumps7.cloudfront.net/uploads/images/150x150/66dcc9ab85d71_organisation_image-ghFi5wuWuQ1693480518XMHj28JW2O.png,Atlys,https://unstop.com/jobs/software-developer-in-test-sdet-atlys-1150285,"[""Delhi""]",4 days left
Software Developer Engineer 1,https://d8it4huxumps7.cloudfront.net/uploads/images/150x150/66e96961a9db8_newton_school_logo.png,Newton School,https://unstop.com/jobs/software-developer-engineer-1-newton-school-1158003,"[""N/A""]",11 days left
Software Developer,https://d8it4huxumps7.cloudfront.net/uploads/images/150x150/uploadedManual-66ddce1c5c25c_reliable_software_solutions.png,Reliable Software Solutions,https://unstop.com/jobs/software-developer-reliable-software-solutions-1150725,"[""N/A""]",1 month left
Software Developer,https://d8it4huxumps7.cloudfront.net/uploads/images/150x150/uploadedManual-66e864ce82d68_screenshot_2024-09-16_223222.png,Lexmark,https://unstop.com/jobs/software-developer-lexmark-1160042,"[""N/A""]",12 days left
Software Developer,https://d8it4huxumps7.cloudfront.net/uploads/images/150x150/uploadedManual-66e8426ecc1c8_quest-global-careers-logo.png,Quest Global,https://unstop.com/jobs/software-developer-quest-global-1159910,"[""N/A""]",28 days left
Software Developer,https://d8it4huxumps7.cloudfront.net/uploads/images/150x150/66b47b989d607_organisation_image-LjOo0TIcfZ524060472vjmoackKv5.png,Vecmocon,https://unstop.com/jobs/software-developer-vecmocon-1116425,"[""Delhi""]",3 months left
Associate Software Developer,https://d8it4huxumps7.cloudfront.net/uploads/images/150x150/uploadedManual-66e3eeb354723_download__5_.png,Anthology,https://unstop.com/jobs/associate-software-developer-anthology-1154692,"[""N/A""]",10 days left
Junior Software Developer,https://d8it4huxumps7.cloudfront.net/uploads/images/150x150/uploadedManual-66e6cea21f8b5_soti.jpg,SOTI,https://unstop.com/jobs/junior-software-developer-soti-1157809,"[""N/A""]",12 days left
Software Developer in Test (SDET),https://d8it4huxumps7.cloudfront.net/uploads/images/150x150/66dcc9ab85d71_organisation_image-ghFi5wuWuQ1693480518XMHj28JW2O.png,Atlys,https://unstop.com/jobs/software-developer-in-test-sdet-atlys-1150285,"[""Delhi""]",4 days left
Software Developer Engineer 1,https://d8it4huxumps7.cloudfront.net/uploads/images/150x150/66e96961a9db8_newton_school_logo.png,Newton School,https://unstop.com/jobs/software-developer-engineer-1-newton-school-1158003,"[""N/A""]",11 days left
Software Developer,https://d8it4huxumps7.cloudfront.net/uploads/images/150x150/uploadedManual-66ddce1c5c25c_reliable_software_solutions.png,Reliable Software Solutions,https://unstop.com/jobs/software-developer-reliable-software-solutions-1150725,"[""N/A""]",1 month left
Software Developer,https://d8it4huxumps7.cloudfront.net/uploads/images/150x150/uploadedManual-66e864ce82d68_screenshot_2024-09-16_223222.png,Lexmark,https://unstop.com/jobs/software-developer-lexmark-1160042,"[""N/A""]",12 days left
Software Developer,https://d8it4huxumps7.cloudfront.net/uploads/images/150x150/uploadedManual-66e8426ecc1c8_quest-global-careers-logo.png,Quest Global,https://unstop.com/jobs/software-developer-quest-global-1159910,"[""N/A""]",28 days left
Software Developer,https://d8it4huxumps7.cloudfront.net/uploads/images/150x150/66b47b989d607_organisation_image-LjOo0TIcfZ524060472vjmoackKv5.png,Vecmocon,https://unstop.com/jobs/software-developer-vecmocon-1116425,"[""Delhi""]",3 months left
Associate Software Developer,https://d8it4huxumps7.cloudfront.net/uploads/images/150x150/uploadedManual-66e3eeb354723_download__5_.png,Anthology,https://unstop.com/jobs/associate-software-developer-anthology-1154692,"[""N/A""]",10 days left
Junior Software Developer,https://d8it4huxumps7.cloudfront.net/uploads/images/150x150/uploadedManual-66e6cea21f8b5_soti.jpg,SOTI,https://unstop.com/jobs/junior-software-developer-soti-1157809,"[""N/A""]",12 days left
Software Developer in Test (SDET),https://d8it4huxumps7.cloudfront.net/uploads/images/150x150/66dcc9ab85d71_organisation_image-ghFi5wuWuQ1693480518XMHj28JW2O.png,Atlys,https://unstop.com/jobs/software-developer-in-test-sdet-atlys-1150285,"[""Delhi""]",4 days left
Software Developer Engineer 1,https://d8it4huxumps7.cloudfront.net/uploads/images/150x150/66e96961a9db8_newton_school_logo.png,Newton School,https://unstop.com/jobs/software-developer-engineer-1-newton-school-1158003,"[""N/A""]",11 days left
Software Developer,https://d8it4huxumps7.cloudfront.net/uploads/images/150x150/uploadedManual-66ddce1c5c25c_reliable_software_solutions.png,Reliable Software Solutions,https://unstop.com/jobs/software-developer-reliable-software-solutions-1150725,"[""N/A""]",1 month left
Software Developer,https://d8it4huxumps7.cloudfront.net/uploads/images/150x150/uploadedManual-66e864ce82d68_screenshot_2024-09-16_223222.png,Lexmark,https://unstop.com/jobs/software-developer-lexmark-1160042,"[""N/A""]",12 days left
Software Developer,https://d8it4huxumps7.cloudfront.net/uploads/images/150x150/uploadedManual-66e8426ecc1c8_quest-global-careers-logo.png,Quest Global,https://unstop.com/jobs/software-developer-quest-global-1159910,"[""N/A""]",28 days left
Software Developer,https://d8it4huxumps7.cloudfront.net/uploads/images/150x150/66b47b989d607_organisation_image-LjOo0TIcfZ524060472vjmoackKv5.png,Vecmocon,https://unstop.com/jobs/software-developer-vecmocon-1116425,"[""Delhi""]",3 months left
Associate Software Developer,https://d8it4huxumps7.cloudfront.net/uploads/images/150x150/uploadedManual-66e3eeb354723_download__5_.png,Anthology,https://unstop.com/jobs/associate-software-developer-anthology-1154692,"[""N/A""]",10 days left
Junior Software Developer,https://d8it4huxumps7.cloudfront.net/uploads/images/150x150/uploadedManual-66e6cea21f8b5_soti.jpg,SOTI,https://unstop.com/jobs/junior-software-developer-soti-1157809,"[""N/A""]",12 days left
Software Developer in Test (SDET),https://d8it4huxumps7.cloudfront.net/uploads/images/150x150/66dcc9ab85d71_organisation_image-ghFi5wuWuQ1693480518XMHj28JW2O.png,Atlys,https://unstop.com/jobs/software-developer-in-test-sdet-atlys-1150285,"[""Delhi""]",4 days left
Software Developer Engineer 1,https://d8it4huxumps7.cloudfront.net/uploads/images/150x150/66e96961a9db8_newton_school_logo.png,Newton School,https://unstop.com/jobs/software-developer-engineer-1-newton-school-1158003,"[""N/A""]",11 days left
Software Developer,https://d8it4huxumps7.cloudfront.net/uploads/images/150x150/uploadedManual-66ddce1c5c25c_reliable_software_solutions.png,Reliable Software Solutions,https://unstop.com/jobs/software-developer-reliable-software-solutions-1150725,"[""N/A""]",1 month left
Software Developer,https://d8it4huxumps7.cloudfront.net/uploads/images/150x150/uploadedManual-66e864ce82d68_screenshot_2024-09-16_223222.png,Lexmark,https://unstop.com/jobs/software-developer-lexmark-1160042,"[""N/A""]",12 days left
Software Developer,https://d8it4huxumps7.cloudfront.net/uploads/images/150x150/uploadedManual-66e8426ecc1c8_quest-global-careers-logo.png,Quest Global,https://unstop.com/jobs/software-developer-quest-global-1159910,"[""N/A""]",28 days left
Junior Software Developer,https://d8it4huxumps7.cloudfront.net/uploads/images/150x150/uploadedManual-66e6cea21f8b5_soti.jpg,SOTI,https://unstop.com/jobs/junior-software-developer-soti-1157809,"[""N/A""]",12 days left
Software Developer,https://d8it4huxumps7.cloudfront.net/uploads/images/150x150/66b47b989d607_organisation_image-LjOo0TIcfZ524060472vjmoackKv5.png,Vecmocon,https://unstop.com/jobs/software-developer-vecmocon-1116425,"[""Delhi""]",3 months left
Associate Software Developer,https://d8it4huxumps7.cloudfront.net/uploads/images/150x150/uploadedManual-66e3eeb354723_download__5_.png,Anthology,https://unstop.com/jobs/associate-software-developer-anthology-1154692,"[""N/A""]",10 days left
Software Developer in Test (SDET),https://d8it4huxumps7.cloudfront.net/uploads/images/150x150/66dcc9ab85d71_organisation_image-ghFi5wuWuQ1693480518XMHj28JW2O.png,Atlys,https://unstop.com/jobs/software-developer-in-test-sdet-atlys-1150285,"[""Delhi""]",4 days left
Software Developer Engineer 1,https://d8it4huxumps7.cloudfront.net/uploads/images/150x150/66e96961a9db8_newton_school_logo.png,Newton School,https://unstop.com/jobs/software-developer-engineer-1-newton-school-1158003,"[""N/A""]",11 days left
Software Developer,https://d8it4huxumps7.cloudfront.net/uploads/images/150x150/uploadedManual-66ddce1c5c25c_reliable_software_solutions.png,Reliable Software Solutions,https://unstop.com/jobs/software-developer-reliable-software-solutions-1150725,"[""N/A""]",1 month left
Software Developer,https://d8it4huxumps7.cloudfront.net/uploads/images/150x150/uploadedManual-66e864ce82d68_screenshot_2024-09-16_223222.png,Lexmark,https://unstop.com/jobs/software-developer-lexmark-1160042,"[""N/A""]",12 days left
Software Developer,https://d8it4huxumps7.cloudfront.net/uploads/images/150x150/uploadedManual-66e8426ecc1c8_quest-global-careers-logo.png,Quest Global,https://unstop.com/jobs/software-developer-quest-global-1159910,"[""N/A""]",28 days left
Junior Software Developer,https://d8it4huxumps7.cloudfront.net/uploads/images/150x150/uploadedManual-66e6cea21f8b5_soti.jpg,SOTI,https://unstop.com/jobs/junior-software-developer-soti-1157809,"[""N/A""]",12 days left
Software Developer,https://d8it4huxumps7.cloudfront.net/uploads/images/150x150/66b47b989d607_organisation_image-LjOo0TIcfZ524060472vjmoackKv5.png,Vecmocon,https://unstop.com/jobs/software-developer-vecmocon-1116425,"[""Delhi""]",3 months left
Associate Software Developer,https://d8it4huxumps7.cloudfront.net/uploads/images/150x150/uploadedManual-66e3eeb354723_download__5_.png,Anthology,https://unstop.com/jobs/associate-software-developer-anthology-1154692,"[""N/A""]",10 days left
Software Developer in Test (SDET),https://d8it4huxumps7.cloudfront.net/uploads/images/150x150/66dcc9ab85d71_organisation_image-ghFi5wuWuQ1693480518XMHj28JW2O.png,Atlys,https://unstop.com/jobs/software-developer-in-test-sdet-atlys-1150285,"[""Delhi""]",4 days left
Software Developer Engineer 1,https://d8it4huxumps7.cloudfront.net/uploads/images/150x150/66e96961a9db8_newton_school_logo.png,Newton School,https://unstop.com/jobs/software-developer-engineer-1-newton-school-1158003,"[""N/A""]",11 days left
Software Developer,https://d8it4huxumps7.cloudfront.net/uploads/images/150x150/uploadedManual-66ddce1c5c25c_reliable_software_solutions.png,Reliable Software Solutions,https://unstop.com/jobs/software-developer-reliable-software-solutions-1150725,"[""N/A""]",1 month left
Software Developer,https://d8it4huxumps7.cloudfront.net/uploads/images/150x150/uploadedManual-66e864ce82d68_screenshot_2024-09-16_223222.png,Lexmark,https://unstop.com/jobs/software-developer-lexmark-1160042,"[""N/A""]",12 days left
Software Developer,https://d8it4huxumps7.cloudfront.net/uploads/images/150x150/uploadedManual-66e8426ecc1c8_quest-global-careers-logo.png,Quest Global,https://unstop.com/jobs/software-developer-quest-global-1159910,"[""N/A""]",28 days left
Junior Software Developer,https://d8it4huxumps7.cloudfront.net/uploads/images/150x150/uploadedManual-66e6cea21f8b5_soti.jpg,SOTI,https://unstop.com/jobs/junior-software-developer-soti-1157809,"[""N/A""]",12 days left
Software Developer,https://d8it4huxumps7.cloudfront.net/uploads/images/150x150/66b47b989d607_organisation_image-LjOo0TIcfZ524060472vjmoackKv5.png,Vecmocon,https://unstop.com/jobs/software-developer-vecmocon-1116425,"[""Delhi""]",3 months left
Associate Software Developer,https://d8it4huxumps7.cloudfront.net/uploads/images/150x150/uploadedManual-66e3eeb354723_download__5_.png,Anthology,https://unstop.com/jobs/associate-software-developer-anthology-1154692,"[""N/A""]",10 days left
Software Developer in Test (SDET),https://d8it4huxumps7.cloudfront.net/uploads/images/150x150/66dcc9ab85d71_organisation_image-ghFi5wuWuQ1693480518XMHj28JW2O.png,Atlys,https://unstop.com/jobs/software-developer-in-test-sdet-atlys-1150285,"[""Delhi""]",4 days left
Software Developer Engineer 1,https://d8it4huxumps7.cloudfront.net/uploads/images/150x150/66e96961a9db8_newton_school_logo.png,Newton School,https://unstop.com/jobs/software-developer-engineer-1-newton-school-1158003,"[""N/A""]",10 days left
Software Developer,https://d8it4huxumps7.cloudfront.net/uploads/images/150x150/uploadedManual-66ddce1c5c25c_reliable_software_solutions.png,Reliable Software Solutions,https://unstop.com/jobs/software-developer-reliable-software-solutions-1150725,"[""N/A""]",1 month left
Software Developer,https://d8it4huxumps7.cloudfront.net/uploads/images/150x150/uploadedManual-66e864ce82d68_screenshot_2024-09-16_223222.png,Lexmark,https://unstop.com/jobs/software-developer-lexmark-1160042,"[""N/A""]",11 days left
Software Developer,https://d8it4huxumps7.cloudfront.net/uploads/images/150x150/uploadedManual-66e8426ecc1c8_quest-global-careers-logo.png,Quest Global,https://unstop.com/jobs/software-developer-quest-global-1159910,"[""N/A""]",27 days left
Junior Software Developer,https://d8it4huxumps7.cloudfront.net/uploads/images/150x150/uploadedManual-66e6cea21f8b5_soti.jpg,SOTI,https://unstop.com/jobs/junior-software-developer-soti-1157809,"[""N/A""]",11 days left
Software Developer,https://d8it4huxumps7.cloudfront.net/uploads/images/150x150/66b47b989d607_organisation_image-LjOo0TIcfZ524060472vjmoackKv5.png,Vecmocon,https://unstop.com/jobs/software-developer-vecmocon-1116425,"[""Delhi""]",3 months left
Associate Software Developer,https://d8it4huxumps7.cloudfront.net/uploads/images/150x150/uploadedManual-66e3eeb354723_download__5_.png,Anthology,https://unstop.com/jobs/associate-software-developer-anthology-1154692,"[""N/A""]",9 days left
Software Developer in Test (SDET),https://d8it4huxumps7.cloudfront.net/uploads/images/150x150/66dcc9ab85d71_organisation_image-ghFi5wuWuQ1693480518XMHj28JW2O.png,Atlys,https://unstop.com/jobs/software-developer-in-test-sdet-atlys-1150285,"[""N/A""]",3 days left
Software Developer - Oracle Technical,https://d8it4huxumps7.cloudfront.net/uploads/images/150x150/66ea41531e568_oracle.jpeg,Oracle,https://unstop.com/jobs/software-developer-oracle-technical-oracle-1162108,"[""N/A""]",13 days left
Software Developer Engineer 1,https://d8it4huxumps7.cloudfront.net/uploads/images/150x150/66e96961a9db8_newton_school_logo.png,Newton School,https://unstop.com/jobs/software-developer-engineer-1-newton-school-1158003,"[""N/A""]",10 days left
Software Developer,https://d8it4huxumps7.cloudfront.net/uploads/images/150x150/uploadedManual-66ddce1c5c25c_reliable_software_solutions.png,Reliable Software Solutions,https://unstop.com/jobs/software-developer-reliable-software-solutions-1150725,"[""N/A""]",1 month left
Software Developer,https://d8it4huxumps7.cloudfront.net/uploads/images/150x150/uploadedManual-66e864ce82d68_screenshot_2024-09-16_223222.png,Lexmark,https://unstop.com/jobs/software-developer-lexmark-1160042,"[""N/A""]",11 days left
Software Developer,https://d8it4huxumps7.cloudfront.net/uploads/images/150x150/uploadedManual-66e8426ecc1c8_quest-global-careers-logo.png,Quest Global,https://unstop.com/jobs/software-developer-quest-global-1159910,"[""N/A""]",27 days left
Junior Software Developer,https://d8it4huxumps7.cloudfront.net/uploads/images/150x150/uploadedManual-66e6cea21f8b5_soti.jpg,SOTI,https://unstop.com/jobs/junior-software-developer-soti-1157809,"[""N/A""]",11 days left
Software Developer,https://d8it4huxumps7.cloudfront.net/uploads/images/150x150/66b47b989d607_organisation_image-LjOo0TIcfZ524060472vjmoackKv5.png,Vecmocon,https://unstop.com/jobs/software-developer-vecmocon-1116425,"[""Delhi""]",3 months left
Associate Software Developer,https://d8it4huxumps7.cloudfront.net/uploads/images/150x150/uploadedManual-66e3eeb354723_download__5_.png,Anthology,https://unstop.com/jobs/associate-software-developer-anthology-1154692,"[""N/A""]",9 days left
Software Developer in Test (SDET),https://d8it4huxumps7.cloudfront.net/uploads/images/150x150/66dcc9ab85d71_organisation_image-ghFi5wuWuQ1693480518XMHj28JW2O.png,Atlys,https://unstop.com/jobs/software-developer-in-test-sdet-atlys-1150285,"[""N/A""]",3 days left
Software Developer - Oracle Technical,https://d8it4huxumps7.cloudfront.net/uploads/images/150x150/66ea41531e568_oracle.jpeg,Oracle,https://unstop.com/jobs/software-developer-oracle-technical-oracle-1162108,"[""N/A""]",13 days left
Software Developer Engineer 1,https://d8it4huxumps7.cloudfront.net/uploads/images/150x150/66e96961a9db8_newton_school_logo.png,Newton School,https://unstop.com/jobs/software-developer-engineer-1-newton-school-1158003,"[""N/A""]",10 days left
Software Developer,https://d8it4huxumps7.cloudfront.net/uploads/images/150x150/uploadedManual-66ddce1c5c25c_reliable_software_solutions.png,Reliable Software Solutions,https://unstop.com/jobs/software-developer-reliable-software-solutions-1150725,"[""N/A""]",1 month left
Software Developer,https://d8it4huxumps7.cloudfront.net/uploads/images/150x150/uploadedManual-66e864ce82d68_screenshot_2024-09-16_223222.png,Lexmark,https://unstop.com/jobs/software-developer-lexmark-1160042,"[""N/A""]",11 days left
Software Developer,https://d8it4huxumps7.cloudfront.net/uploads/images/150x150/uploadedManual-66e8426ecc1c8_quest-global-careers-logo.png,Quest Global,https://unstop.com/jobs/software-developer-quest-global-1159910,"[""N/A""]",27 days left
Junior Software Developer,https://d8it4huxumps7.cloudfront.net/uploads/images/150x150/uploadedManual-66e6cea21f8b5_soti.jpg,SOTI,https://unstop.com/jobs/junior-software-developer-soti-1157809,"[""N/A""]",11 days left
Software Developer,https://d8it4huxumps7.cloudfront.net/uploads/images/150x150/66b47b989d607_organisation_image-LjOo0TIcfZ524060472vjmoackKv5.png,Vecmocon,https://unstop.com/jobs/software-developer-vecmocon-1116425,"[""Delhi""]",3 months left
Associate Software Developer,https://d8it4huxumps7.cloudfront.net/uploads/images/150x150/uploadedManual-66e3eeb354723_download__5_.png,Anthology,https://unstop.com/jobs/associate-software-developer-anthology-1154692,"[""N/A""]",9 days left
Software Developer in Test (SDET),https://d8it4huxumps7.cloudfront.net/uploads/images/150x150/66dcc9ab85d71_organisation_image-ghFi5wuWuQ1693480518XMHj28JW2O.png,Atlys,https://unstop.com/jobs/software-developer-in-test-sdet-atlys-1150285,"[""N/A""]",3 days left
Software Developer - Oracle Technical,https://d8it4huxumps7.cloudfront.net/uploads/images/150x150/66ea41531e568_oracle.jpeg,Oracle,https://unstop.com/jobs/software-developer-oracle-technical-oracle-1162108,"[""N/A""]",13 days left
Software Developer Engineer 1,https://d8it4huxumps7.cloudfront.net/uploads/images/150x150/66e96961a9db8_newton_school_logo.png,Newton School,https://unstop.com/jobs/software-developer-engineer-1-newton-school-1158003,"[""N/A""]",10 days left
Software Developer,https://d8it4huxumps7.cloudfront.net/uploads/images/150x150/uploadedManual-66ddce1c5c25c_reliable_software_solutions.png,Reliable Software Solutions,https://unstop.com/jobs/software-developer-reliable-software-solutions-1150725,"[""N/A""]",1 month left
Software Developer,https://d8it4huxumps7.cloudfront.net/uploads/images/150x150/uploadedManual-66e864ce82d68_screenshot_2024-09-16_223222.png,Lexmark,https://unstop.com/jobs/software-developer-lexmark-1160042,"[""N/A""]",11 days left
Software Developer,https://d8it4huxumps7.cloudfront.net/uploads/images/150x150/uploadedManual-66e8426ecc1c8_quest-global-careers-logo.png,Quest Global,https://unstop.com/jobs/software-developer-quest-global-1159910,"[""N/A""]",27 days left
Junior Software Developer,https://d8it4huxumps7.cloudfront.net/uploads/images/150x150/uploadedManual-66e6cea21f8b5_soti.jpg,SOTI,https://unstop.com/jobs/junior-software-developer-soti-1157809,"[""N/A""]",11 days left
Software Developer,https://d8it4huxumps7.cloudfront.net/uploads/images/150x150/66b47b989d607_organisation_image-LjOo0TIcfZ524060472vjmoackKv5.png,Vecmocon,https://unstop.com/jobs/software-developer-vecmocon-1116425,"[""Delhi""]",3 months left
Associate Software Developer,https://d8it4huxumps7.cloudfront.net/uploads/images/150x150/uploadedManual-66e3eeb354723_download__5_.png,Anthology,https://unstop.com/jobs/associate-software-developer-anthology-1154692,"[""N/A""]",9 days left
Software Developer in Test (SDET),https://d8it4huxumps7.cloudfront.net/uploads/images/150x150/66dcc9ab85d71_organisation_image-ghFi5wuWuQ1693480518XMHj28JW2O.png,Atlys,https://unstop.com/jobs/software-developer-in-test-sdet-atlys-1150285,"[""N/A""]",3 days left
Software Developer - Oracle Technical,https://d8it4huxumps7.cloudfront.net/uploads/images/150x150/66ea41531e568_oracle.jpeg,Oracle,https://unstop.com/jobs/software-developer-oracle-technical-oracle-1162108,"[""N/A""]",13 days left
Software Developer Engineer 1,https://d8it4huxumps7.cloudfront.net/uploads/images/150x150/66e96961a9db8_newton_school_logo.png,Newton School,https://unstop.com/jobs/software-developer-engineer-1-newton-school-1158003,"[""N/A""]",10 days left
Software Developer,https://d8it4huxumps7.cloudfront.net/uploads/images/150x150/uploadedManual-66ddce1c5c25c_reliable_software_solutions.png,Reliable Software Solutions,https://unstop.com/jobs/software-developer-reliable-software-solutions-1150725,"[""N/A""]",1 month left
Software Developer,https://d8it4huxumps7.cloudfront.net/uploads/images/150x150/uploadedManual-66e864ce82d68_screenshot_2024-09-16_223222.png,Lexmark,https://unstop.com/jobs/software-developer-lexmark-1160042,"[""N/A""]",11 days left
Software Developer,https://d8it4huxumps7.cloudfront.net/uploads/images/150x150/uploadedManual-66e8426ecc1c8_quest-global-careers-logo.png,Quest Global,https://unstop.com/jobs/software-developer-quest-global-1159910,"[""N/A""]",27 days left
Junior Software Developer,https://d8it4huxumps7.cloudfront.net/uploads/images/150x150/uploadedManual-66e6cea21f8b5_soti.jpg,SOTI,https://unstop.com/jobs/junior-software-developer-soti-1157809,"[""N/A""]",11 days left
Software Developer,https://d8it4huxumps7.cloudfront.net/uploads/images/150x150/66b47b989d607_organisation_image-LjOo0TIcfZ524060472vjmoackKv5.png,Vecmocon,https://unstop.com/jobs/software-developer-vecmocon-1116425,"[""Delhi""]",3 months left
Associate Software Developer,https://d8it4huxumps7.cloudfront.net/uploads/images/150x150/uploadedManual-66e3eeb354723_download__5_.png,Anthology,https://unstop.com/jobs/associate-software-developer-anthology-1154692,"[""N/A""]",9 days left
Software Developer in Test (SDET),https://d8it4huxumps7.cloudfront.net/uploads/images/150x150/66dcc9ab85d71_organisation_image-ghFi5wuWuQ1693480518XMHj28JW2O.png,Atlys,https://unstop.com/jobs/software-developer-in-test-sdet-atlys-1150285,"[""N/A""]",3 days left
Software Developer - Oracle Technical,https://d8it4huxumps7.cloudfront.net/uploads/images/150x150/66ea41531e568_oracle.jpeg,Oracle,https://unstop.com/jobs/software-developer-oracle-technical-oracle-1162108,"[""N/A""]",13 days left
Software Developer Engineer 1,https://d8it4huxumps7.cloudfront.net/uploads/images/150x150/66e96961a9db8_newton_school_logo.png,Newton School,https://unstop.com/jobs/software-developer-engineer-1-newton-school-1158003,"[""N/A""]",10 days left
Software Developer,https://d8it4huxumps7.cloudfront.net/uploads/images/150x150/uploadedManual-66ddce1c5c25c_reliable_software_solutions.png,Reliable Software Solutions,https://unstop.com/jobs/software-developer-reliable-software-solutions-1150725,"[""N/A""]",1 month left
Software Developer,https://d8it4huxumps7.cloudfront.net/uploads/images/150x150/uploadedManual-66e864ce82d68_screenshot_2024-09-16_223222.png,Lexmark,https://unstop.com/jobs/software-developer-lexmark-1160042,"[""N/A""]",11 days left
Software Developer,https://d8it4huxumps7.cloudfront.net/uploads/images/150x150/uploadedManual-66e8426ecc1c8_quest-global-careers-logo.png,Quest Global,https://unstop.com/jobs/software-developer-quest-global-1159910,"[""N/A""]",27 days left
Junior Software Developer,https://d8it4huxumps7.cloudfront.net/uploads/images/150x150/uploadedManual-66e6cea21f8b5_soti.jpg,SOTI,https://unstop.com/jobs/junior-software-developer-soti-1157809,"[""N/A""]",11 days left
Software Developer,https://d8it4huxumps7.cloudfront.net/uploads/images/150x150/66b47b989d607_organisation_image-LjOo0TIcfZ524060472vjmoackKv5.png,Vecmocon,https://unstop.com/jobs/software-developer-vecmocon-1116425,"[""Delhi""]",3 months left
Associate Software Developer,https://d8it4huxumps7.cloudfront.net/uploads/images/150x150/uploadedManual-66e3eeb354723_download__5_.png,Anthology,https://unstop.com/jobs/associate-software-developer-anthology-1154692,"[""N/A""]",9 days left
Software Developer in Test (SDET),https://d8it4huxumps7.cloudfront.net/uploads/images/150x150/66dcc9ab85d71_organisation_image-ghFi5wuWuQ1693480518XMHj28JW2O.png,Atlys,https://unstop.com/jobs/software-developer-in-test-sdet-atlys-1150285,"[""N/A""]",3 days left
Software Developer - Oracle Technical,https://d8it4huxumps7.cloudfront.net/uploads/images/150x150/66ea41531e568_oracle.jpeg,Oracle,https://unstop.com/jobs/software-developer-oracle-technical-oracle-1162108,"[""N/A""]",13 days left
Software Developer Engineer 1,https://d8it4huxumps7.cloudfront.net/uploads/images/150x150/66e96961a9db8_newton_school_logo.png,Newton School,https://unstop.com/jobs/software-developer-engineer-1-newton-school-1158003,"[""N/A""]",10 days left
Software Developer,https://d8it4huxumps7.cloudfront.net/uploads/images/150x150/uploadedManual-66ddce1c5c25c_reliable_software_solutions.png,Reliable Software Solutions,https://unstop.com/jobs/software-developer-reliable-software-solutions-1150725,"[""N/A""]",1 month left
Software Developer,https://d8it4huxumps7.cloudfront.net/uploads/images/150x150/uploadedManual-66e864ce82d68_screenshot_2024-09-16_223222.png,Lexmark,https://unstop.com/jobs/software-developer-lexmark-1160042,"[""N/A""]",11 days left
Software Developer,https://d8it4huxumps7.cloudfront.net/uploads/images/150x150/uploadedManual-66e8426ecc1c8_quest-global-careers-logo.png,Quest Global,https://unstop.com/jobs/software-developer-quest-global-1159910,"[""N/A""]",27 days left
Software Developer,https://d8it4huxumps7.cloudfront.net/uploads/images/150x150/66b47b989d607_organisation_image-LjOo0TIcfZ524060472vjmoackKv5.png,Vecmocon,https://unstop.com/jobs/software-developer-vecmocon-1116425,"[""Delhi""]",3 months left
Associate Software Developer,https://d8it4huxumps7.cloudfront.net/uploads/images/150x150/uploadedManual-66e3eeb354723_download__5_.png,Anthology,https://unstop.com/jobs/associate-software-developer-anthology-1154692,"[""N/A""]",9 days left
Junior Software Developer,https://d8it4huxumps7.cloudfront.net/uploads/images/150x150/uploadedManual-66e6cea21f8b5_soti.jpg,SOTI,https://unstop.com/jobs/junior-software-developer-soti-1157809,"[""N/A""]",11 days left
Software Developer in Test (SDET),https://d8it4huxumps7.cloudfront.net/uploads/images/150x150/66dcc9ab85d71_organisation_image-ghFi5wuWuQ1693480518XMHj28JW2O.png,Atlys,https://unstop.com/jobs/software-developer-in-test-sdet-atlys-1150285,"[""N/A""]",3 days left
Software Developer - Oracle Technical,https://d8it4huxumps7.cloudfront.net/uploads/images/150x150/66ea41531e568_oracle.jpeg,Oracle,https://unstop.com/jobs/software-developer-oracle-technical-oracle-1162108,"[""N/A""]",13 days left
Software Developer Engineer 1,https://d8it4huxumps7.cloudfront.net/uploads/images/150x150/66e96961a9db8_newton_school_logo.png,Newton School,https://unstop.com/jobs/software-developer-engineer-1-newton-school-1158003,"[""N/A""]",10 days left
Software Developer,https://d8it4huxumps7.cloudfront.net/uploads/images/150x150/uploadedManual-66ddce1c5c25c_reliable_software_solutions.png,Reliable Software Solutions,https://unstop.com/jobs/software-developer-reliable-software-solutions-1150725,"[""N/A""]",1 month left
Software Developer,https://d8it4huxumps7.cloudfront.net/uploads/images/150x150/uploadedManual-66e864ce82d68_screenshot_2024-09-16_223222.png,Lexmark,https://unstop.com/jobs/software-developer-lexmark-1160042,"[""N/A""]",11 days left
Software Developer,https://d8it4huxumps7.cloudfront.net/uploads/images/150x150/uploadedManual-66e8426ecc1c8_quest-global-careers-logo.png,Quest Global,https://unstop.com/jobs/software-developer-quest-global-1159910,"[""N/A""]",27 days left
Software Developer,https://d8it4huxumps7.cloudfront.net/uploads/images/150x150/66b47b989d607_organisation_image-LjOo0TIcfZ524060472vjmoackKv5.png,Vecmocon,https://unstop.com/jobs/software-developer-vecmocon-1116425,"[""Delhi""]",3 months left
Associate Software Developer,https://d8it4huxumps7.cloudfront.net/uploads/images/150x150/uploadedManual-66e3eeb354723_download__5_.png,Anthology,https://unstop.com/jobs/associate-software-developer-anthology-1154692,"[""N/A""]",9 days left
Junior Software Developer,https://d8it4huxumps7.cloudfront.net/uploads/images/150x150/uploadedManual-66e6cea21f8b5_soti.jpg,SOTI,https://unstop.com/jobs/junior-software-developer-soti-1157809,"[""N/A""]",11 days left
Software Developer in Test (SDET),https://d8it4huxumps7.cloudfront.net/uploads/images/150x150/66dcc9ab85d71_organisation_image-ghFi5wuWuQ1693480518XMHj28JW2O.png,Atlys,https://unstop.com/jobs/software-developer-in-test-sdet-atlys-1150285,"[""N/A""]",3 days left
Software Developer - Oracle Technical,https://d8it4huxumps7.cloudfront.net/uploads/images/150x150/66ea41531e568_oracle.jpeg,Oracle,https://unstop.com/jobs/software-developer-oracle-technical-oracle-1162108,"[""N/A""]",13 days left
Software Developer Engineer 1,https://d8it4huxumps7.cloudfront.net/uploads/images/150x150/66e96961a9db8_newton_school_logo.png,Newton School,https://unstop.com/jobs/software-developer-engineer-1-newton-school-1158003,"[""N/A""]",10 days left
Software Developer,https://d8it4huxumps7.cloudfront.net/uploads/images/150x150/uploadedManual-66ddce1c5c25c_reliable_software_solutions.png,Reliable Software Solutions,https://unstop.com/jobs/software-developer-reliable-software-solutions-1150725,"[""N/A""]",1 month left
Software Developer,https://d8it4huxumps7.cloudfront.net/uploads/images/150x150/uploadedManual-66e864ce82d68_screenshot_2024-09-16_223222.png,Lexmark,https://unstop.com/jobs/software-developer-lexmark-1160042,"[""N/A""]",11 days left
Software Developer,https://d8it4huxumps7.cloudfront.net/uploads/images/150x150/uploadedManual-66e8426ecc1c8_quest-global-careers-logo.png,Quest Global,https://unstop.com/jobs/software-developer-quest-global-1159910,"[""N/A""]",27 days left
Software Developer,https://d8it4huxumps7.cloudfront.net/uploads/images/150x150/66b47b989d607_organisation_image-LjOo0TIcfZ524060472vjmoackKv5.png,Vecmocon,https://unstop.com/jobs/software-developer-vecmocon-1116425,"[""Delhi""]",3 months left
Associate Software Developer,https://d8it4huxumps7.cloudfront.net/uploads/images/150x150/uploadedManual-66e3eeb354723_download__5_.png,Anthology,https://unstop.com/jobs/associate-software-developer-anthology-1154692,"[""N/A""]",9 days left
Junior Software Developer,https://d8it4huxumps7.cloudfront.net/uploads/images/150x150/uploadedManual-66e6cea21f8b5_soti.jpg,SOTI,https://unstop.com/jobs/junior-software-developer-soti-1157809,"[""N/A""]",11 days left
Software Developer in Test (SDET),https://d8it4huxumps7.cloudfront.net/uploads/images/150x150/66dcc9ab85d71_organisation_image-ghFi5wuWuQ1693480518XMHj28JW2O.png,Atlys,https://unstop.com/jobs/software-developer-in-test-sdet-atlys-1150285,"[""N/A""]",3 days left
Software Developer - Oracle Technical,https://d8it4huxumps7.cloudfront.net/uploads/images/150x150/66ea41531e568_oracle.jpeg,Oracle,https://unstop.com/jobs/software-developer-oracle-technical-oracle-1162108,"[""N/A""]",13 days left
Software Developer Engineer 1,https://d8it4huxumps7.cloudfront.net/uploads/images/150x150/66e96961a9db8_newton_school_logo.png,Newton School,https://unstop.com/jobs/software-developer-engineer-1-newton-school-1158003,"[""N/A""]",10 days left
Software Developer,https://d8it4huxumps7.cloudfront.net/uploads/images/150x150/uploadedManual-66ddce1c5c25c_reliable_software_solutions.png,Reliable Software Solutions,https://unstop.com/jobs/software-developer-reliable-software-solutions-1150725,"[""N/A""]",1 month left
Software Developer,https://d8it4huxumps7.cloudfront.net/uploads/images/150x150/uploadedManual-66e864ce82d68_screenshot_2024-09-16_223222.png,Lexmark,https://unstop.com/jobs/software-developer-lexmark-1160042,"[""N/A""]",11 days left
Software Developer,https://d8it4huxumps7.cloudfront.net/uploads/images/150x150/uploadedManual-66e8426ecc1c8_quest-global-careers-logo.png,Quest Global,https://unstop.com/jobs/software-developer-quest-global-1159910,"[""N/A""]",27 days left
Software Developer,https://d8it4huxumps7.cloudfront.net/uploads/images/150x150/66b47b989d607_organisation_image-LjOo0TIcfZ524060472vjmoackKv5.png,Vecmocon,https://unstop.com/jobs/software-developer-vecmocon-1116425,"[""Delhi""]",3 months left
Associate Software Developer,https://d8it4huxumps7.cloudfront.net/uploads/images/150x150/uploadedManual-66e3eeb354723_download__5_.png,Anthology,https://unstop.com/jobs/associate-software-developer-anthology-1154692,"[""N/A""]",9 days left
Junior Software Developer,https://d8it4huxumps7.cloudfront.net/uploads/images/150x150/uploadedManual-66e6cea21f8b5_soti.jpg,SOTI,https://unstop.com/jobs/junior-software-developer-soti-1157809,"[""N/A""]",11 days left
Software Developer in Test (SDET),https://d8it4huxumps7.cloudfront.net/uploads/images/150x150/66dcc9ab85d71_organisation_image-ghFi5wuWuQ1693480518XMHj28JW2O.png,Atlys,https://unstop.com/jobs/software-developer-in-test-sdet-atlys-1150285,"[""N/A""]",3 days left
Software Developer - Oracle Technical,https://d8it4huxumps7.cloudfront.net/uploads/images/150x150/66ea41531e568_oracle.jpeg,Oracle,https://unstop.com/jobs/software-developer-oracle-technical-oracle-1162108,"[""N/A""]",13 days left
Software Developer Engineer 1,https://d8it4huxumps7.cloudfront.net/uploads/images/150x150/66e96961a9db8_newton_school_logo.png,Newton School,https://unstop.com/jobs/software-developer-engineer-1-newton-school-1158003,"[""N/A""]",10 days left
Software Developer,https://d8it4huxumps7.cloudfront.net/uploads/images/150x150/uploadedManual-66ddce1c5c25c_reliable_software_solutions.png,Reliable Software Solutions,https://unstop.com/jobs/software-developer-reliable-software-solutions-1150725,"[""N/A""]",1 month left
Software Developer,https://d8it4huxumps7.cloudfront.net/uploads/images/150x150/uploadedManual-66e864ce82d68_screenshot_2024-09-16_223222.png,Lexmark,https://unstop.com/jobs/software-developer-lexmark-1160042,"[""N/A""]",11 days left
Software Developer,https://d8it4huxumps7.cloudfront.net/uploads/images/150x150/uploadedManual-66e8426ecc1c8_quest-global-careers-logo.png,Quest Global,https://unstop.com/jobs/software-developer-quest-global-1159910,"[""N/A""]",27 days left
Software Developer,https://d8it4huxumps7.cloudfront.net/uploads/images/150x150/66b47b989d607_organisation_image-LjOo0TIcfZ524060472vjmoackKv5.png,Vecmocon,https://unstop.com/jobs/software-developer-vecmocon-1116425,"[""Delhi""]",3 months left
Associate Software Developer,https://d8it4huxumps7.cloudfront.net/uploads/images/150x150/uploadedManual-66e3eeb354723_download__5_.png,Anthology,https://unstop.com/jobs/associate-software-developer-anthology-1154692,"[""N/A""]",9 days left
Junior Software Developer,https://d8it4huxumps7.cloudfront.net/uploads/images/150x150/uploadedManual-66e6cea21f8b5_soti.jpg,SOTI,https://unstop.com/jobs/junior-software-developer-soti-1157809,"[""N/A""]",11 days left
Software Developer in Test (SDET),https://d8it4huxumps7.cloudfront.net/uploads/images/150x150/66dcc9ab85d71_organisation_image-ghFi5wuWuQ1693480518XMHj28JW2O.png,Atlys,https://unstop.com/jobs/software-developer-in-test-sdet-atlys-1150285,"[""N/A""]",3 days left
Software Developer - Oracle Technical,https://d8it4huxumps7.cloudfront.net/uploads/images/150x150/66ea41531e568_oracle.jpeg,Oracle,https://unstop.com/jobs/software-developer-oracle-technical-oracle-1162108,"[""N/A""]",13 days left
Software Developer Engineer 1,https://d8it4huxumps7.cloudfront.net/uploads/images/150x150/66e96961a9db8_newton_school_logo.png,Newton School,https://unstop.com/jobs/software-developer-engineer-1-newton-school-1158003,"[""N/A""]",10 days left
Software Developer,https://d8it4huxumps7.cloudfront.net/uploads/images/150x150/uploadedManual-66ddce1c5c25c_reliable_software_solutions.png,Reliable Software Solutions,https://unstop.com/jobs/software-developer-reliable-software-solutions-1150725,"[""N/A""]",1 month left
Software Developer,https://d8it4huxumps7.cloudfront.net/uploads/images/150x150/uploadedManual-66e864ce82d68_screenshot_2024-09-16_223222.png,Lexmark,https://unstop.com/jobs/software-developer-lexmark-1160042,"[""N/A""]",11 days left
Software Developer,https://d8it4huxumps7.cloudfront.net/uploads/images/150x150/uploadedManual-66e8426ecc1c8_quest-global-careers-logo.png,Quest Global,https://unstop.com/jobs/software-developer-quest-global-1159910,"[""N/A""]",27 days left
Software Developer,https://d8it4huxumps7.cloudfront.net/uploads/images/150x150/66b47b989d607_organisation_image-LjOo0TIcfZ524060472vjmoackKv5.png,Vecmocon,https://unstop.com/jobs/software-developer-vecmocon-1116425,"[""Delhi""]",3 months left
Associate Software Developer,https://d8it4huxumps7.cloudfront.net/uploads/images/150x150/uploadedManual-66e3eeb354723_download__5_.png,Anthology,https://unstop.com/jobs/associate-software-developer-anthology-1154692,"[""N/A""]",9 days left
Junior Software Developer,https://d8it4huxumps7.cloudfront.net/uploads/images/150x150/uploadedManual-66e6cea21f8b5_soti.jpg,SOTI,https://unstop.com/jobs/junior-software-developer-soti-1157809,"[""N/A""]",11 days left
Software Developer in Test (SDET),https://d8it4huxumps7.cloudfront.net/uploads/images/150x150/66dcc9ab85d71_organisation_image-ghFi5wuWuQ1693480518XMHj28JW2O.png,Atlys,https://unstop.com/jobs/software-developer-in-test-sdet-atlys-1150285,"[""N/A""]",3 days left
Software Developer - Oracle Technical,https://d8it4huxumps7.cloudfront.net/uploads/images/150x150/66ea41531e568_oracle.jpeg,Oracle,https://unstop.com/jobs/software-developer-oracle-technical-oracle-1162108,"[""N/A""]",13 days left
Software Developer Engineer 1,https://d8it4huxumps7.cloudfront.net/uploads/images/150x150/66e96961a9db8_newton_school_logo.png,Newton School,https://unstop.com/jobs/software-developer-engineer-1-newton-school-1158003,"[""N/A""]",10 days left
Software Developer,https://d8it4huxumps7.cloudfront.net/uploads/images/150x150/uploadedManual-66ddce1c5c25c_reliable_software_solutions.png,Reliable Software Solutions,https://unstop.com/jobs/software-developer-reliable-software-solutions-1150725,"[""N/A""]",1 month left
Software Developer,https://d8it4huxumps7.cloudfront.net/uploads/images/150x150/uploadedManual-66e864ce82d68_screenshot_2024-09-16_223222.png,Lexmark,https://unstop.com/jobs/software-developer-lexmark-1160042,"[""N/A""]",11 days left
Software Developer,https://d8it4huxumps7.cloudfront.net/uploads/images/150x150/uploadedManual-66e8426ecc1c8_quest-global-careers-logo.png,Quest Global,https://unstop.com/jobs/software-developer-quest-global-1159910,"[""N/A""]",27 days left
Software Developer,https://d8it4huxumps7.cloudfront.net/uploads/images/150x150/66b47b989d607_organisation_image-LjOo0TIcfZ524060472vjmoackKv5.png,Vecmocon,https://unstop.com/jobs/software-developer-vecmocon-1116425,"[""Delhi""]",3 months left
Associate Software Developer,https://d8it4huxumps7.cloudfront.net/uploads/images/150x150/uploadedManual-66e3eeb354723_download__5_.png,Anthology,https://unstop.com/jobs/associate-software-developer-anthology-1154692,"[""N/A""]",9 days left
Junior Software Developer,https://d8it4huxumps7.cloudfront.net/uploads/images/150x150/uploadedManual-66e6cea21f8b5_soti.jpg,SOTI,https://unstop.com/jobs/junior-software-developer-soti-1157809,"[""N/A""]",11 days left
Software Developer in Test (SDET),https://d8it4huxumps7.cloudfront.net/uploads/images/150x150/66dcc9ab85d71_organisation_image-ghFi5wuWuQ1693480518XMHj28JW2O.png,Atlys,https://unstop.com/jobs/software-developer-in-test-sdet-atlys-1150285,"[""N/A""]",3 days left
Software Developer - Oracle Technical,https://d8it4huxumps7.cloudfront.net/uploads/images/150x150/66ea41531e568_oracle.jpeg,Oracle,https://unstop.com/jobs/software-developer-oracle-technical-oracle-1162108,"[""N/A""]",13 days left
Software Developer Engineer 1,https://d8it4huxumps7.cloudfront.net/uploads/images/150x150/66e96961a9db8_newton_school_logo.png,Newton School,https://unstop.com/jobs/software-developer-engineer-1-newton-school-1158003,"[""N/A""]",10 days left
Software Developer,https://d8it4huxumps7.cloudfront.net/uploads/images/150x150/uploadedManual-66ddce1c5c25c_reliable_software_solutions.png,Reliable Software Solutions,https://unstop.com/jobs/software-developer-reliable-software-solutions-1150725,"[""N/A""]",1 month left
Software Developer,https://d8it4huxumps7.cloudfront.net/uploads/images/150x150/uploadedManual-66e864ce82d68_screenshot_2024-09-16_223222.png,Lexmark,https://unstop.com/jobs/software-developer-lexmark-1160042,"[""N/A""]",11 days left
Software Developer,https://d8it4huxumps7.cloudfront.net/uploads/images/150x150/uploadedManual-66e8426ecc1c8_quest-global-careers-logo.png,Quest Global,https://unstop.com/jobs/software-developer-quest-global-1159910,"[""N/A""]",27 days left
Software Developer,https://d8it4huxumps7.cloudfront.net/uploads/images/150x150/66b47b989d607_organisation_image-LjOo0TIcfZ524060472vjmoackKv5.png,Vecmocon,https://unstop.com/jobs/software-developer-vecmocon-1116425,"[""Delhi""]",3 months left
Associate Software Developer,https://d8it4huxumps7.cloudfront.net/uploads/images/150x150/uploadedManual-66e3eeb354723_download__5_.png,Anthology,https://unstop.com/jobs/associate-software-developer-anthology-1154692,"[""N/A""]",9 days left
Junior Software Developer,https://d8it4huxumps7.cloudfront.net/uploads/images/150x150/uploadedManual-66e6cea21f8b5_soti.jpg,SOTI,https://unstop.com/jobs/junior-software-developer-soti-1157809,"[""N/A""]",11 days left
Software Developer in Test (SDET),https://d8it4huxumps7.cloudfront.net/uploads/images/150x150/66dcc9ab85d71_organisation_image-ghFi5wuWuQ1693480518XMHj28JW2O.png,Atlys,https://unstop.com/jobs/software-developer-in-test-sdet-atlys-1150285,"[""N/A""]",3 days left
Software Developer - Oracle Technical,https://d8it4huxumps7.cloudfront.net/uploads/images/150x150/66ea41531e568_oracle.jpeg,Oracle,https://unstop.com/jobs/software-developer-oracle-technical-oracle-1162108,"[""N/A""]",13 days left
